k,f_value,grad_norm,step_size,x1,x2,rho,update
0,164.0,31.240998703626616,,-1.0,0.0,,
1,78.8125,133.51591665415776,0.125,-4.0,2.5,0.0023296447291788003,updated
2,70.3708213997164,135.96316299356246,0.015625,-4.020924153112406,3.141011100220346,0.044806730834713024,updated
3,8.164034404912144,33.33230370485493,0.5,-2.379497941449099,3.3861835240500855,0.003760154595196456,updated
4,2.316911497264195,16.89115053215969,1.0,-2.5938029245591263,2.9679889816693192,0.057185037735601504,updated
5,0.17533073934570712,4.937608108496999,1.0,-2.7538718270831692,3.082382352081816,0.42764653799468944,updated
6,0.00215182452223837,0.5390813673684691,1.0,-2.8123491677896433,3.134772355739363,2.352153435888688,updated
7,2.1806118792116523e-06,0.016823409613031103,1.0,-2.804861456667826,3.1312757553998996,218.72528415769744,updated
8,4.5002907463899084e-10,0.0002687597253076611,1.0,-2.8051188738750295,3.131309261574717,228780.34202054198,updated
