k,f_value,grad_norm,step_size,x1,x2,beta,restart
0,164.0,31.240998703626616,,-1.0,0.0,,True
1,78.8125,133.51591665415776,0.125,-4.0,2.5,18.264856557377048,False
2,16.695349045097828,33.257344212368324,0.015625,-1.9765625,3.0078125,0.0,True
3,1.6256381926492205,15.720678436013719,0.03125,-2.990338981151581,3.2366904616355896,0.2234433520587923,False
4,0.5020993977683814,8.671344569044981,0.03125,-2.8065916725906015,3.0175970017642224,0.0,True
5,0.019300423974061946,1.775317518810013,0.015625,-2.803191320800867,3.1530440850555808,0.04191593802705166,False
6,5.995071519654368e-06,0.029300869469127484,0.015625,-2.8054626111443084,3.131087362704542,0.0,True
7,1.7294214814652073e-07,0.005276657626788664,0.015625,-2.8051083293339225,3.1313773439510957,0.032430736887900935,False
8,5.39751402865351e-09,0.000868841220291627,0.015625,-2.805108063828157,3.131305068057492,0.0,True
